INSERT  INTO `device` (`invent_number`, `device_description`, `device_type`, `room`) VALUES
                                                                                               ('DTN', 'Ogólne', 10, 12),
                                                                                               ('PPOZ', 'PPOŻ', 10, 12),
                                                                                               ('S-0223', 'K1', 7, 4),
                                                                                               ('S-0224', 'K4', 7, 4),
                                                                                               ('S-0257', 'K2', 7, 14),
                                                                                               ('S-0258', 'K3', 7, 4),
                                                                                               ('S-0342', 'Gen 1MVA', 8, 13),
                                                                                               ('S-0411', 'XDC', 6, 14),
                                                                                               ('S-0531(a)', 'HPM 1', 1, 7),
                                                                                               ('S-0531(b)', 'HPM 2', 1, 7),
                                                                                               ('S-0532', 'CRV 2', 0, 3),
                                                                                               ('S-0533', 'CRV 1', 0, 3),
                                                                                               ('S-0534', 'CRV', 0, 5),
                                                                                               ('S-0582', 'UPS', 3, 7),
                                                                                               ('S-Elektryka 11', 'Instal. 11', 10, 11),
                                                                                               ('S-Elektryka 11a', 'Instal.HM', 10, 11),
                                                                                               ('S-GEN2', 'Gen 100kVA', 8, 13),
                                                                                               ('S-XXX', 'PDX 1', 12, 4),
                                                                                               ('U-0013', 'UPS A1', 3, 2),
                                                                                               ('U-0014', 'HPM 2', 1, 2),
                                                                                               ('U-0015', 'HPM 1', 1, 2),
                                                                                               ('U-0022', 'UPS B1', 3, 2),
                                                                                               ('U-0045', 'XDP', 5, 0),
                                                                                               ('U-0045(a)', 'Zestaw XDP', 5, 1),
                                                                                               ('U-0045(b)', 'CH2 (klatki)', 2, 12),
                                                                                               ('U-0045(c)', 'XDH', 11, 5),
                                                                                               ('U-0045(d)', 'XDP 1', 5, 4),
                                                                                               ('U-0046', 'CRV 3', 0, 1),
                                                                                               ('U-0047', 'CRV 3', 0, 0),
                                                                                               ('U-0048', 'CRV 2', 0, 0),
                                                                                               ('U-0049', 'CRV 1', 0, 6),
                                                                                               ('U-0050', 'CRV 1', 0, 0),
                                                                                               ('U-0051', 'CRV 4', 0, 0),
                                                                                               ('U-0052', 'CRV 4', 0, 6),
                                                                                               ('U-0053', 'CRV 3', 0, 6),
                                                                                               ('U-0054', 'CRV 2', 0, 6),
                                                                                               ('U-0059', 'CRV 1', 0, 1),
                                                                                               ('U-0060', 'CRV 4', 0, 1),
                                                                                               ('U-0061', 'CRV 2', 0, 1),
                                                                                               ('U-0190', 'UPS A.1.1', 3, 10),
                                                                                               ('U-0197', 'UPS 15kVA', 3, 14),
                                                                                               ('U-0207(a)', 'PCW1', 4, 8),
                                                                                               ('U-0207(b)', 'PCW2', 4, 8),
                                                                                               ('U-0207(c)', 'CRV1', 0, 8),
                                                                                               ('U-0207(d)', 'CRV2', 0, 8),
                                                                                               ('U-0207(e)', 'CH1', 2, 9),
                                                                                               ('U-0210(a)', 'CH2', 2, 9),
                                                                                               ('U-0210(b)', 'PCW UPS', 4, 10),
                                                                                               ('U-0211(a)', 'Drycooler', 9, 9),
                                                                                               ('U-0211(b)', 'Stacja uzd. wody', 10, 10),
                                                                                               ('U-0213', 'UPS A.1.3', 3, 10),
                                                                                               ('U-0214', 'UPS B.1.1', 3, 10),
                                                                                               ('U-0215', 'UPS B.1.3', 3, 10),
                                                                                               ('U-0216', 'UPS RK', 3, 8),
                                                                                               ('U-0219', 'Gen 2,5MVA', 8, 13),
                                                                                               ('U-0226', 'PCW RK', 4, 8),
                                                                                               ('U-0550', 'CH1 (klatki)', 2, 12),
                                                                                               ('W-2848', 'Gen 40kVA', 8, 14);
INSERT INTO `damage` (`damage_id`, `author`, `damage_date`, `description`, `device_invent_number`) VALUES
                                                                                                              (1009, 9, '2016-03-12', 'Awaria pompy nr 1(brak przepływu) - kod usterki: 2\r\nUsunięcie awarii: 14.03.2016', 'U-0210(a)'),
                                                                                                              (1013, 9, '2016-03-29', 'Uszkodzenie co najmiej 4 akumulatorów - wyłączenie systemu PPOŻ na hali\r\n-----------------------------------------------\r\n09,04.2016: wymiana 9 akumulatorów', 'U-0013'),
                                                                                                              (1017, 9, '2016-04-11', 'Awaria nr 7 pompy glikolu nr 1 na dachu HM', 'DTN'),
                                                                                                              (1019, 9, '2016-04-15', 'Wyciek płynu chłodniczego generatora: zdemontowano pompę wody i wyłączono potrzeby własne generatora w hali 105\r\n---------------------------------------------------\r\n29.04.2016: Ponowne zamontowanie pompy wody po awarii', 'W-2848'),
                                                                                                              (1028, 9, '2016-05-03', 'Awaria pompy P01 - wyciek pod pompą, zadziałało zabezpieczenie termiczne.\r\nPompa została odcięta na zaworach\r\n-------------------------------------------------------------------------\r\n04.05.2016: diagnoza pompy wykazała wadę uszczelnienia wału', 'U-0211(a)'),
                                                                                                              (1030, 9, '2016-05-11', 'Awaria pomp P01 i P02 - prawdopodobnie były przesterowywane na 120% ze wzgledu na niską temperaturę na CDU nastawy podniesione z 20 na 25 st.C)\r\n--------------------------------------------------------------------\r\n12.05.2016: Układ prawdopodobnie zapowietrzony', 'U-0211(a)'),
                                                                                                              (1042, 9, '2016-07-14', 'Przepalony bezpiecznik 2A (tymczasowo zawatowany-do wymiany). Odblokowanie przycisków Emergency, przełączenie na Auto', 'W-2848'),
                                                                                                              (1052, 9, '2016-09-15', 'Awaria klimatyzacji hali Prometeusza - nr alarmów: 16, 24, 18, 23', 'U-0211(a)'),
                                                                                                              (1055, 9, '2016-10-11', 'Wyrzuca zabezpieczenie sprężarki CRV', 'U-0053'),
                                                                                                              (1056, 9, '2016-10-16', 'Awaria pomp P01 i P02 - pompy wyłączone\r\n----------------------------------------\r\n17.10.2016: serwis zdiagnozował uszkodzenie falowników pomp\r\n-----------------------------------------\r\n18.10.2016: KSB wymieniło falowniki', 'U-0211(a)'),
                                                                                                              (1064, 9, '2016-12-15', 'Alarm niskiego ciśnienia przy ssaniu, brak możliwości skasowania alarmu\r\n----------------------------------------------------------------------\r\n16.12.2016: sprawdzenie CRV - po uruchomieniu poziomy ciśnień LP i HP trochę niższe niż na pozostałych. Wyłączenie urządzenia i załączenie CRV3.', 'U-0059'),
                                                                                                              (1066, 9, '2016-12-26', 'Awaria przy przełączaniu pomp. Po próbie przełączenia w trybie ręcznym pompy [racują, ale pojawia się błąd czujnika przepływu. Patryk zdecydował o wyłączeniu pomp i otwarciu drzwi Prometeusza i podniesieniu podłogi\r\n------------------------------------------------------------\r\n27.12.2016: Serwisant stwierdził uszkodzenie czujnika przepływu - do czasu wymiany pompy pracują w trybie ręcznym\r\n-------------------------------------------------------------\r\n28.12.2016: wymiana czujnika przepływu - problem przy niskim zapotrzebowaniu na chłód \r\n--------------------------------------------------------------\r\n29.12.2016: dalsze prace diagnostyczne - pomiary przepływu na flow switchu po otwarciu zaworu na ICDU.\r\nWymiana łożysk w pompach\r\n------------------------------------------------------------\r\n30.12.2016: ponowny alarm przy pracy pompy P02. Po przełączeniu na drugą OK\r\n-----------------------------------------------------------\r\n05.01.2017: Montaż grzałki w klatce falowników - zabezpieczenie C10 Hager w rozdzielni na poddaszu\r\n----------------------------------------------------------\r\n10.01.2017: Przełączenie pracy pomp na automat', 'U-0211(a)'),
                                                                                                              (1068, 9, '2017-02-27', 'Awaryjne wyłączenie XDC ze wszystkimi kompresorami. Alarm High head pressure bez możliwości skasowania', 'S-0411'),
                                                                                                              (1070, 9, '2017-03-01', 'Uszkodzenie wężów do chłodziwa', 'W-2848'),
                                                                                                              (1080, 9, '2017-08-30', 'Problem z wentylatorem komór trafo - nie załączał się w ogóle', 'S-Elektryka 11'),
                                                                                                              (1081, 9, '2017-05-08', 'Awaria układu SZR na SN', 'S-Elektryka 11a'),
                                                                                                              (1088, 9, '2018-04-28', 'Awaria CDU13 związana z wysokim poziomem wody', 'DTN'),
                                                                                                              (1090, 9, '2018-05-02', 'Awaria chillera (działa tylko obwód chłodzący nr 2 i pompa nr 1)\r\n-------------------------------------------------------------\r\n03.06.2018: chiller został uruchomiony dla testów i pracuje równolegle z CH1', 'U-0210(a)'),
                                                                                                              (1091, 9, '2018-05-16', 'Nie załączać! Awaria skraplacza', 'U-0061'),
                                                                                                              (1092, 9, '2018-05-16', 'Nie załączać! Awaria sprężarki', 'U-0046'),
                                                                                                              (1094, 9, '2018-06-12', 'Urządzenie wyłączone! Awaria kompresora', 'U-0059'),
                                                                                                              (1096, 9, '2018-06-17', 'Awaria sprężarki (oznaki awarii od marca). Urządzenie pracuje w manualu na samych wentylatorach, otwarte okna, pożyczony przenosny klimatyzator od K. Ryby\r\n--------------------------------------------------------\r\n19.06.2018: W hali pracują dwa dodatkowe klimatyzatory wypożyczone od firmy zewnętrznej. Pracuje tylko jedna czapka XDC\r\n------------------------------------------------------\r\n20.06.2018: Został zakupiony nowy klimatyzator przenośny i pracuje na hali 102', 'S-0534'),
                                                                                                              (1109, 9, '2018-11-07', 'Lecą zabezpieczenia 3-fazowe w rozdzielni na hali od CRV1 oraz zabezpieczenie QF3 w klimatyzatorze. Prawdopodobnie zwarcie lub blokada mechaniczna kompresora. Urządzenie w trybie ręcznym z załączonymi samymi wentylatorami\r\n--------------------------------------------------\r\n23.01.2019: Wymiana kompresora w CRV', 'S-0533'),
                                                                                                              (1114, 9, '2018-10-13', 'Generator ma usterkę układu chłodzenia (wyciek z grzałki). Obwód grzałki wyłączony z bezpiecznika F8(2 szt.), obwód płynu chłodzącego zamknięty na zaworach\r\n--------------------------------------------\r\n24.11.2018: Ponowna awaria układu chłodniczego która nastąpiła po godzinnej pracy pod obciążeniem\r\n------------------------------------------------\r\n24.01.2019: Uruchomienie generatora bez obciążenia - praca ok. 45 minut. Horus będzie próbował uruchomić i przetestować pod obciążeniem\r\n-----------------------------------------------\r\n30.01.2019: Problem z wysoką temperaturą po uruchomieniu, brak płynu chłodzącego\r\n----------------------------------------------\r\nOstateczna diagnoza: awaria termostatów chłodnicy - wymienione', 'S-0342'),
                                                                                                              (1117, 9, '2018-11-21', 'Alarm - brak przepływu powietrza. Awaria wentylatora nr 2 - został odłączony od zasilania\r\n-------------------------------------------------\r\n22.11.2018: Wymiana uszkodzonego wentylatora - przełożony z K2 104', 'U-0014'),
                                                                                                              (1126, 9, '2018-12-19', 'Rozszczelnienie zaworu freecoolingu - spory wyciek. Chiller wyłączony\r\n------------------------------------------------------\r\n07.03.2019: Chiller włączonyw  rotację, sciągnięty siłownik z zaworu 3-drożnego freecoolingu', 'U-0550'),
                                                                                                              (1130, 9, '2019-04-23', 'Awaryjne wyłączenie urządzenia z powodu nieprawidłowej pracy sprężarki', 'U-0052'),
                                                                                                              (1184, 1, '2019-08-05', 'Prawdopodobnie uszkodzony przekładnik w polu zasilającym nr 4 na rozdzielni SN (słychać syczenie, gdy kabel jest pod napięciem), trafo A1 zasilone jest przez sprzęgło z toru B. Przekładnik czeka na diagnozę\r\n---------------------------------------------------------------\r\n06.08.2019: Przekładnik i kabel fazowy zostały przeczyszczone. Na otwarty wyłącznik zostało podane napięcie z Z-11 i póki co objawy nie występują. Trzeba obserwować co będzie, gdy wyłącznik zostanie zamknięty i pole zasili trafo A1 (prawdopodobnie w środę 7 sierpnia)\r\n------------------------------------------------------------\r\n07.08.2019: Po załączeniu pola nr 4 nie stwierdzono oznak usterki. Trafo A1 zasilone jest z powrotem z pola nr 4, sprzęgło rozłączone (stan normalnej pracy)', 'S-Elektryka 11a'),
                                                                                                              (6002, 1, '2019-10-09', 'Awaria białego klimatyzatora na hali G04 (tryb osuszania). Prawdopodobnie uszkodzony kompresor lub element obwodu (najpewniej kondensator). Na hali pracuje duży osuszacz z hali 104', 'DTN'),
                                                                                                              (11002, 3, '2019-11-20', 'Compressor nr 2 -  Loss of differential pressure', 'U-0550'),
                                                                                                              (13010, 5, '2020-01-03', '03.01.2020 8:27\r\nAwaria prostownika PFC, UPS zaczął zasilać szynoprzewody z baterii. Podczas próby skasowania alarmu pojawił się kolejny alarm dotytczący uszkodzenia szyny DC i baterie zostały automatycznie odłączone (wyłączniki QF1 w szafce baterii wyłączone). Wtedy UPS przeszedł na static switch. Serwis telefonicznie polecił włączyć włącznik Q3BP żeby puścić zasilanie zewnętrznym by-passem. Serwis pojawi się w okolicach wtorku 07.01\r\nDo tego czasu Prometheusz ma zostać zjechany z obciążenia tak aby w przypadku zaniku napięcia całość obciążenia mogła pójść szynoprzewodami B przez sprawny UPS B1.3 bez zadziałania zabezpieczeń nadprądowych\r\n---------------------------\r\n\r\n07.01.2020\r\nSerwis Schneider - UPS sprawdzony, nie stwierdzono problemów, możliwy błąd elektroniki. Po uruchomieniu UPS działa poprawnie.', 'U-0213'),
                                                                                                              (22008, 5, '2021-02-28', 'XDP 2 - Nie załączają się pompy, pomimo wielokrotnych prób resetowania urządzenia. W trybie manualnym pompy działają prawidłowo. Na czas awarii obniżona nastawa temperatury na CRV 4', 'U-0045(a)'),
                                                                                                              (22016, 9, '2021-03-04', 'Awaria układu chłodniczego nr 2 - utrzymujace się bardzo wysokie ciśnienie HP powyżej nastawy termostatu bezpieczeństwa powodujace natychmiastowe wyrzucenie alarmu HP podczas próby uruchomienia sprężarki.\r\n\r\nChiller wyłączony "z palca" na sterowniku\r\n---------------------------------------------------------------------\r\nC.d. awarii z dnia 04.03.2021, wskazania manometrów HP LP w układzie 2 praktycznie bez zmian - dalej wysokie. Chiller został jednak uruchomiony ale tylko w funkcji freecooling ; sprężarki są wyłączone w systemie, dodatkowo wyjęte są zabezpieczenia topikowe ( kasety z BN-ami)- po otwarciu klapy głównej od czoła są po lewej i prawej stronie (tak ma zostać ). Uruchomienie na wypadek gdyby padł CH1, zawsze coś tam schłodzi jak będzie chłodno na zewnątrz. Zeto ma być w poniedziałek ... i tyle mają czasu aby wymyśleć co to za kicha.\r\nTrzeba kontrolować te dwa ciśnienia HP (14,2 - 15 Bar) LP (8,8-9,5 Bar).\r\n----------------------------------------------------------------------\r\n15.03.2021\r\nNa 99% stwierdzone rozszczelnienie rurek czynnika w parowniku powodujące przepływ czynnik/azot pomiedzy układami (rurki niezależnych układów biegną tak blisko siebie że trąc o siebie mogły się rozszczelnić jednocześnie umożliwiając przepływ gazów pomiedzy układami - info od technika z Vertiv który rozbierał kiedyś taki wymiennik przy podobnej usterce) Najpewniej skończy sie to wymianą uszkodzonego wymiennika. Odzysk czynnika niemozliwy ze względu na wymieszanie z azotem\r\n--------------------------------------------------------------\r\n16.06.2021\r\nOdzysk czynnika z układu nr 2 przez Prozon, przygotowania do demontażu parownika\r\n------------------------------------------------------------\r\n24.06.2021\r\nUruchomienie urządzenia po wymianie parownika, próbie szczelności i uzupełnieniu czynnika roboczego', 'U-0210(a)'),
                                                                                                              (23011, 1, '2021-02-25', 'chiller zgłaszał alarm niskiego ciśnienia na kompresorze nr1 oraz brak różnicy ciśnień , po sprawdzeniu wyszlo że brakuje gazu w układzie, gdyz po uruchomieniu kompresora na manometrze od niskiego ćiśnieni pokazyje zero, kopresor jest przełączony w tryb serwisowy. zeto ma to sprwadzić jak beda wymieniać zawory trójdrozne\r\n-------------------------------------------------------------------\r\nCzynnik uciekał z układu z powodu nieszczelności zaworu ECO. Nieszczelność zalutowana, układ nabity azotem w celu stwierdzenia szczelnosci\r\n-------------------------------------------------------------------\r\nCd. usterki tożsamy z usterką związaną z HP na drugim obiegu (tam szczegóły)', 'U-0210(a)'),
                                                                                                              (26001, 1, '2021-06-11', 'Alarm: Usterka jednego z kondensatorów falownika.\r\n\r\n-------------\r\nAlarm skasowany, UPS działa prawidłowo.\r\n\r\n------------------------------------\r\nZdiagnozowana usterka kondensatorów AC - oczekuje na zamówienie i naprawę\r\n\r\n----------------------------------------\r\n19,07.2021\r\nWymiana kompletu kondensatorów AC', 'U-0216'),
                                                                                                              (28003, 5, '2021-08-02', 'Awaria jednego z APMCDU, Pompy od drycoolera chodzą na sztywno na 3 barach.\r\n-----------\r\n04.08.2021\r\nCDU pracuje ponownie. W razie problemów z wysokim ciśnieniem na pompach związanych z testami/awarią CDU, można w SUCHu zmienić sterowanie na dP zadane pomp, aby pracować na stałych 3 barach.', 'DTN');
/*!40000 ALTER TABLE `damage` ENABLE KEYS */;
INSERT INTO `user` (`username`, `active`, `author`, `password`, `permissions`, `personal_diary`, `roles`) VALUES
                                                                                                                     ('admin', '1', 8, '$2a$10$smtXq.ugNR/z0p2gTVWDXeGPUMKgM.HhC5zR0L92XqmMgIxIHQq/.', '', NULL, 'USER,ADMIN'),
                                                                                                                     ('Arek', '1', 1, '$2a$10$u0RIO.sDbQ5rXRot8qVY1ehdi4n1UehSh2tCjP8JxlmVeSmSdtAuC', '', 'urlopy:\r\n - 30,31 stycznia\r\n', 'USER,ADMIN'),
                                                                                                                     ('Artur', '1', 0, '$2a$10$io2XWiOez8WORB4xwySgzuoCRDD9KFrKo.SGMuNCkJFq7gBOEvmcK', '', NULL, 'USER'),
                                                                                                                     ('Bartek', '1', 5, '$2a$10$QsVU8yaMOILHdm6fq/plPOt/nf9v/VAN/tfMP6XHdTNIcS6i7Zh86', '', 'U21 - 24 dni\r\n', 'USER'),
                                                                                                                     ('Damian', '1', 2, '$2a$10$V3mBBQjJ8iOAZieeuLKCs.uLFqlgp8edPnTlfZyJtZ9uT7sYnTkE6', '', NULL, 'USER'),
                                                                                                                     ('DTN', '1', 9, '$2a$10$l68mNuHjtm6o6Iqd/zas3.PoowzIpcB2igKdsVJCO2d9BiX3VvBcC', '', '', 'USER'),
                                                                                                                     ('Grzesiek', '1', 6, '$2a$10$ndBg52O//0nC5RFmUX97U.KlKRpt7Z9B6R1mEjXsF2JmZF0P6RZha', '', NULL, 'USER'),
                                                                                                                     ('Rafał', '1', 4, '$2a$10$qpUHrYad4Usg/9dzA5bnluYGSmaq2q98G5CmRBtD4xrc.pAI3cYBu', '', NULL, 'USER'),
                                                                                                                     ('Sebastian', '1', 3, '$2a$10$aXk//QcBeJU2MkXgDAYkE.adi7e/w9/4gqL4A7OsmdKOqiMvbS5FS', '', NULL, 'USER'),
                                                                                                                     ('Tomek', '1', 7, '$2a$10$IAykajmuEZUEcVooGJPsVusrfQT3t3xC.rHYe1lrcjrCdkaYI3Jny', '', NULL, 'USER');
INSERT INTO `generator_test` (`test_id`, `alerted`, `content`, `date`, `loss_power_flag`, `status`, `device_invent`, `authors_comma_separated`) VALUES
                                                                                                                                                           (1035, '0', 'Praca 1,5 godziny podczas zaniku napięcia. Powrót napięcia ręcznie, zmiana na automat', '2016-06-07', '1', 0, 'S-0342', NULL),
                                                                                                                                                           (1069, '0', 'Uszkodzenie wężów do chłodziwa', '2017-03-01', '0', 2, 'W-2848', NULL),
                                                                                                                                                           (1098, '0', 'Praca ok 45 min. Parametry po pracy:\r\npaliwo 1350 l\r\nT = 73 st.C\r\naku: 26,5V', '2018-07-20', '1', 0, 'S-0342', NULL),
                                                                                                                                                           (1101, '0', 'Załączenie generatora z powodu zakłóceń na RG 15kV - spory wyciek glikolu', '2018-08-08', '1', 1, 'S-0342', NULL),
                                                                                                                                                           (1112, '0', 'Generator ma usterkę układu chłodzenia (wyciek z grzałki). Obwód grzałki wyłączony z bezpiecznika F8(2 szt.), obwód płynu chłodzącego zamknięty na zaworach', '2018-10-13', '1', 2, 'S-0342', NULL),
                                                                                                                                                           (1139, '0', 'Praca: 5 minut\r\nTemp: 60 st.C\r\nciśnienie: 4bar\r\nstan paliwa: 85%\r\nładowanie: 13V\r\n\r\nBartek, Arek', '2018-01-26', '0', 0, 'W-2848', NULL),
                                                                                                                                                           (1140, '0', 'Praca: 5 minut\r\nTemp: 70 st.C\r\nciśnienie: 4bar\r\nstan paliwa: 85%\r\nładowanie: 13V\r\n\r\nTomek', '2018-03-26', '0', 0, 'W-2848', NULL),
                                                                                                                                                           (1141, '0', 'Praca: 5 minut\r\nTemp: 80 st.C\r\nciśnienie: 4bar\r\nstan paliwa: 85%\r\nładowanie: 13V\r\n\r\nBartek, Arek, Tomek', '2018-04-30', '0', 0, 'W-2848', NULL),
                                                                                                                                                           (1142, '0', 'Praca: 5 minut\r\nTemp: 80 st.C\r\nciśnienie: 4bar\r\nstan paliwa: 82%\r\nładowanie: 13V\r\n\r\nBartek', '2018-05-30', '0', 0, 'W-2848', NULL),
                                                                                                                                                           (1143, '0', 'Praca: 5 minut\r\nTemp: 70 st.C\r\nciśnienie: 4bar\r\nstan paliwa: 80%\r\nładowanie: 13V\r\n\r\nArek', '2018-07-04', '0', 0, 'W-2848', NULL),
                                                                                                                                                           (1144, '0', 'Praca: 5,5 minut\r\nTemp: 75 st.C\r\nciśnienie: 4bar\r\nstan paliwa: 80%\r\nładowanie: 13V\r\n\r\nArek', '2018-10-11', '0', 0, 'W-2848', NULL),
                                                                                                                                                           (1145, '0', 'Brak zasilania z sieci - prace konserwacyjne\r\npaliwo: 80%\r\nczas pracy: 149,1h\r\n\r\nTomek', '2018-10-13', '1', 0, 'W-2848', NULL),
                                                                                                                                                           (1147, '0', 'Po pracy generatora świeciła się kontrolka "Temperatura silnika bliska wysokiej" - ostrzeżenie', '2018-11-14', '1', 1, 'W-2848', NULL),
                                                                                                                                                           (1149, '0', 'Praca: 15 minut\r\nTemp: 85 st.C\r\nciśnienie: 4bar\r\nstan paliwa: 77%\r\nładowanie: 13V\r\nczas pracy: 152h\r\n\r\nBartek', '2019-01-30', '0', 0, 'W-2848', NULL),
                                                                                                                                                           (1150, '0', 'Praca: 15 minut\r\nTemp: 85 st.C\r\nciśnienie: 4bar\r\nstan paliwa: 75%\r\nładowanie: 13V\r\nczas pracy: 152,5h\r\n\r\nTomek', '2019-03-25', '0', 0, 'W-2848', NULL),
                                                                                                                                                           (1151, '0', 'Praca: 10 minut\r\nTemp: 80 st.C\r\nciśnienie: 4bar\r\nstan paliwa: 75%\r\nładowanie: 13V\r\nczas pracy: 152,7h\r\n\r\nArek', '2019-05-14', '0', 0, 'W-2848', NULL),
                                                                                                                                                           (1152, '0', 'Praca: 15 minut\r\nTemp: 100 st.C - WYSOKA TEMPERATURA SILNIKA\r\nciśnienie: 4bar\r\nstan paliwa: 75%\r\nładowanie: 13V\r\nczas pracy: 152,7h\r\n\r\nTomek', '2019-06-27', '0', 1, 'W-2848', NULL),
                                                                                                                                                           (1153, '0', 'Praca: 5 minut\r\nTemp: 65 st.C\r\nciśnienie: 4bar\r\nstan paliwa: 1420L\r\nnapięcie aku: 26,5V\r\nczas pracy: 54,8h\r\n\r\nBartek, Arek', '2018-01-26', '0', 0, 'S-0342', NULL),
                                                                                                                                                           (1154, '0', 'Praca: 5 minut\r\nTemp: 65 st.C\r\nciśnienie: 4bar\r\nstan paliwa: 1400L\r\nnapięcie aku: 27,4V\r\nczas pracy: 54,8h\r\n\r\nTomek, Arek', '2018-03-12', '0', 0, 'S-0342', NULL),
                                                                                                                                                           (1155, '0', 'Praca: 10 minut\r\nTemp: 61 st.C\r\nciśnienie: 4bar\r\nstan paliwa: 1450L\r\nnapięcie aku: 27,8V\r\nczas pracy: 54,9h\r\n\r\nBartek, Arek, Tomek', '2018-04-30', '0', 0, 'S-0342', NULL),
                                                                                                                                                           (1156, '0', 'Praca: 10 minut\r\nTemp: 67 st.C\r\nstan paliwa: 1460L\r\nnapięcie aku: 27V\r\nczas pracy: 55h\r\n\r\nBartek', '2018-05-30', '0', 0, 'S-0342', NULL),
                                                                                                                                                           (1157, '0', 'Praca: 10 minut\r\nTemp: 65 st.C\r\nstan paliwa: 1459L\r\nnapięcie aku: 26,9V\r\nczas pracy: 55,1h\r\n\r\nArek', '2018-07-04', '0', 0, 'S-0342', NULL),
                                                                                                                                                           (1159, '0', 'Czas pracy ok 30 minut\r\nTemp końcowa 90 st.C - WYSOKA!!!\r\n\r\n\r\nArek', '2018-11-14', '1', 1, 'S-0342', NULL),
                                                                                                                                                           (1161, '0', 'Przeprowadzono dwa testy - za pierwszym razem generator osiągnął wysoką temperaturę 90 st.C. Za drugim razem OK\r\n\r\nPraca: 10 minut\r\nTemp: 10 st.C\r\nstan paliwa: 940L\r\nnapięcie aku: 28,1V\r\nczas pracy: 66,5h\r\n\r\nBartek', '2019-01-30', '0', 1, 'S-0342', NULL),
                                                                                                                                                           (1162, '0', 'Test pod obciążeniem\r\n\r\nPraca: 15 minut\r\nTemp: 73 st.C\r\nstan paliwa: 760L\r\nnapięcie aku: 28V\r\nczas pracy: 70h\r\n\r\n', '2019-02-13', '0', 0, 'S-0342', NULL),
                                                                                                                                                           (1163, '0', 'Praca: 15 minut\r\nTemp: 67 st.C\r\nstan paliwa: 720L\r\nnapięcie aku: 27,5V\r\n\r\n\r\nTomek', '2019-03-25', '0', 0, 'S-0342', NULL),
                                                                                                                                                           (1164, '0', 'Praca: 5 minut\r\nTemp: 63 st.C\r\nstan paliwa: 800L\r\nnapięcie aku: 27,3V\r\n\r\nArek', '2019-05-14', '0', 0, 'S-0342', NULL),
                                                                                                                                                           (1165, '0', 'Praca: 15 minut\r\nTemp: 72 st.C\r\nstan paliwa: 820L\r\nnapięcie aku: 27,9V\r\nczas pracy: 70,8h\r\n\r\nTomek', '2019-06-27', '0', 0, 'S-0342', NULL),
                                                                                                                                                           (1166, '0', '\r\nlicznik: 10,9h\r\nciśnienie oleju: 6bar\r\npaliwo: 799L\r\nnapięcie aku: 27V\r\ntemp 60 st.C\r\n\r\nBartek', '2018-01-26', '0', 0, 'U-0219', NULL),
                                                                                                                                                           (1167, '0', 'licznik: 10,9h\r\nciśnienie oleju: 5,9bar\r\npaliwo: 795L\r\nnapięcie aku: 27,3V\r\ntemp 59 st.C\r\n\r\n', '2018-03-12', '0', 0, 'U-0219', NULL),
                                                                                                                                                           (1168, '0', 'licznik: 11h\r\nciśnienie oleju: 5,9bar\r\npaliwo: 798L\r\nnapięcie aku: 27,3V\r\ntemp 59 st.C\r\n\r\nBartek, Arek, Tomek', '2018-04-30', '0', 0, 'U-0219', NULL),
                                                                                                                                                           (1169, '0', 'licznik: 11h\r\nciśnienie oleju: 5,7bar\r\npaliwo: 794L\r\nnapięcie aku: 27,2V\r\ntemp 61 st.C\r\n\r\nBartek', '2018-05-30', '0', 0, 'U-0219', NULL),
                                                                                                                                                           (1170, '0', 'licznik: 11,1h\r\nciśnienie oleju: 5,8bar\r\npaliwo: 791L\r\nnapięcie aku: 27,1V\r\ntemp 64 st.C\r\n\r\nArek', '2018-07-04', '0', 0, 'S-GEN2', NULL),
                                                                                                                                                           (1171, '0', 'Praca podczas przełączeń na RS i AGH.\r\nCzas pracy ok 2,5 h\r\npaliwo (zbiornik główny) 432L\r\npaliwo(zbiornik rezerwowy) PUSTY!!!\r\ntemp: 91 st.C\r\n\r\nPracowały wszystkie wentylatory chłodnicy\r\nWyłączona pompa dopompowywania paliwa\r\n\r\nTomek, Rafał', '2018-09-28', '1', 1, 'U-0219', NULL);
